NAME,POS,COLLEGE,CONFERENCE,STATE
Austin Allen,QB,Arkansas,SEC,Arkansas
Drew Anderson,QB,Murray State,FCS,Kentucky
Kevin Anderson,QB,Fordham,FCS,New York
Austin Appleby,QB,Florida,SEC,Florida
Alejandro Bennifield,QB,Chattanooga,FCS,Tennessee
Joe Callahan,QB,Wesley,D3,Delaware
KJ Carta-Samuels,QB,Colorado State,FBS - Mountain West,Colorado
Taryn Christion,QB,South Dakota State,FCS,South Dakota
CJ Collins,QB,Southwest Assembly of God,,
Connor Cook,QB,Michigan State,Big Ten,Michigan
Taylor Cornelius,QB,Oklahoma State,Big 12,Oklahoma
David Cornwell,QB,East Central (OK),,
BJ Daniels,QB,South Florida,FBS - AAC,Florida
Garrett Fugate,QB,Central Missouri,D2,Missouri
Justin Holman,QB,Central Florida,,
Tyree Jackson,QB,Buffalo,FBS - MAC,New York
Devante Kincade,QB,Grambling State,FCS,Louisiana
Trevor Knight,QB,Texas A&M,SEC,Texas
Tanner Lee,QB,Nebraska,Big Ten,Nebraska
Vad Lee,QB,James Madison,FCS,Virginia
Matt Linehan,QB,Idaho,FBS - Sun Belt,Idaho
TJ Linta,QB,Wagner,FCS,New York
Tanner Mangum,QB,Brigham Young,,
Jalan McClendon,QB,Baylor,Big 12,Texas
Marcus McDade,QB,Sacramento State,FCS,California
Greg McGhee,QB,Howard,FCS,Washington DC
Marcus McMaryion,QB,Fresno State,FBS - Mountain West,California
Zach Mettenberger,QB,Louisiana State,,
Philip Nelson,QB,East Carolina,FBS - AAC,North Carolina
Keith Price,QB,Washington,Pac 12,Washington
Peter Pujals,QB,Holy Cross,FCS,Massachusetts
Brogan Roback,QB,Eastern Michigan,FBS - MAC,Michigan
Vincent Testaverde Jr,QB,Albany,FCS,New York
Darron Thomas,QB,Oregon,Pac 12,Oregon
Alek Torgersen,QB,Pennsylvania,FCS,Pennsylvania
Patrick Towles,QB,Boston College,ACC,Massachusetts
Marquise Williams,QB,North Carolina,ACC,North Carolina
Khalid Abdullah,RB,James Madison,FCS,Virginia
Cameron Artis-Payne,RB,Auburn,SEC,Alabama
George Aston,RB,Pittsburgh,,
Sherman Badie,RB,Tulane,FBS - AAC,Louisiana
Jonathan Banks,RB,Tulane,FBS - AAC,Louisiana
Alex Barnes,RB,Kansas State,Big 12,Kansas
Tommy Bohanon,RB,Wake Forest,ACC,North Carolina
Joel Bouagnon,RB,Northern Illinois,FBS - MAC,Illinois
Dominick Bragalone,RB,Lehigh,FCS,Pennsylvania
Martez Carter,RB,Grambling State,FCS,Louisiana
Kaimi Chung,RB,Hawaii,FBS - Mountain West,Hawaii
David Cobb,RB,Minnesota,Big Ten,Minnesota
Matthew Colburn,RB,Wake Forest,ACC,North Carolina
Lavon Coleman,RB,Washington,Pac 12,Washington
Tim Cook,RB,Oregon State,Pac 12,Oregon
Marshaun Coprich,RB,Illinois State,FCS,Illinois
Noel Devine,RB,West Virginia,Big 12,West Virginia
Winston Dimel,RB,Texas-El Paso,,
Lance Dunbar,RB,North Texas,FBS - CUSA,Texas
Brionte Dunn,RB,Ohio State,Big Ten,Ohio
Berkley Edwards,RB,Michigan,Big Ten,Michigan
Jordan Ellis,RB,Virginia,ACC,Virginia
Nico Evans,RB,Wyoming,FBS - Mountain West,Wyoming
Kenneth Farrow,RB,Houston,FBS - AAC,Texas
Dimitri Flowers,RB,Oklahoma,Big 12,Oklahoma
Quinton Flowers,RB,South Florida,FBS - AAC,Florida
Tarean Folston,RB,Notre Dame,FBS - Independent,Indiana
Keith Ford,RB,Texas A&M,SEC,Texas
Mike Ford,RB,Louisiana State,,
Khris Francis,RB,North Carolina,ACC,North Carolina
Jarvion Franklin,RB,Western Michigan,FBS - MAC,Michigan
Ja'Quan Gardner,RB,Humboldt State,D2,California
Manasseh Garner,RB,Pittsburgh,,
Jakhari Gore,RB,Marian,,
Jonas Gray,RB,Notre Dame,FBS - Independent,Indiana
Trayone Gray,RB,Miami (FL),ACC,Florida
Ryan Green,RB,Florida State,ACC,Florida
Dujuan Harris,RB,Troy,FBS - Sun Belt,Alabama
Mark Herndon,RB,Florida,SEC,Florida
Kyle Hicks,RB,Texas Christian,,
Kenny Hilliard,RB,Louisiana State,,
Darnell Holland,RB,Kennesaw State,,
Nick Holley,RB,Kent State,FBS - MAC,Ohio
Elijah Hood,RB,North Carolina,ACC,North Carolina
Akeem Hunt,RB,Purdue,Big Ten,Indiana
Ty Isaac,RB,Michigan,Big Ten,Michigan
Devontae Jackson,RB,West Georgia,D2,Georgia
Cardon Johnson,RB,James Madison,FCS,Virginia
Storm Johnson,RB,Central Florida,,
De'Shawn Jones,RB,Campbell,FCS,North Carolina
Matt Jones,RB,Florida,SEC,Florida
Kendial Lawrence,RB,Missouri,SEC,Missouri
Ray Lawry,RB,Old Dominion,FBS - CUSA,Virginia
Taku Lee,RB,International,,
Terrence Magee,RB,Louisiana State,,
D.J. May,RB,Wyoming,FBS - Mountain West,Wyoming
Travon McMillian,RB,Colorado,Pac 12,Colorado
Christine Michael,RB,Texas A&M,SEC,Texas
JD Moore,RB,Louisiana State,,
Rajion Neal,RB,Tennessee,SEC,Tennessee
Cedric O'Neal,RB,Valdosta State,D2,Georgia
Branden Oliver,RB,Buffalo,FBS - MAC,New York
Jacques Patrick,RB,Florida State,ACC,Florida
Ladarius Perkins,RB,Mississippi State,SEC,Mississippi
Lawrence Pittman,RB,Wingate,D2,North Carolina
Jhurell Pressley,RB,New Mexico,FBS - Mountain West,New Mexico
Donnel Pumphrey,RB,San Diego State,FBS - Mountain West,California
Brandon Radcliff,RB,Louisville,ACC,Kentucky
Devine Redding,RB,Indiana,Big Ten,Indiana
Trent Richardson,RB,Alabama,SEC,Alabama
Aaron Ripkowski,RB,Oklahoma,Big 12,Oklahoma
Larry Rose,RB,New Mexico State,FBS - Sun Belt,New Mexico
LJ Scott,RB,Michigan State,Big Ten,Michigan
De'Veon Smith,RB,Michigan,Big Ten,Michigan
Shane Smith,RB,San Jose State,FBS - Mountain West,California
Zac Stacy,RB,Vanderbilt,SEC,Tennessee
Justin Stockton,RB,Texas Tech,Big 12,Texas
Dontae Strickland,RB,Syracuse,ACC,New York
Kelvin Taylor,RB,Florida,SEC,Florida
Jahad Thomas,RB,Temple,FBS - AAC,Pennsylvania
John Thomas,RB,Penn State,Big Ten,Pennsylvania
Lexington Thomas,RB,Nevada-Las Vegas,,
Mark Thompson,RB,Florida,SEC,Florida
Lenard Tillery,RB,Southern,FCS,Louisiana
Xavier Turner,RB,Incarnate Word,FCS,Texas
Darius Victor,RB,Towson,FCS,Maryland
Akrum Wadley,RB,Iowa,Big Ten,Iowa
Terron Ward,RB,Oregon State,Pac 12,Oregon
Aca'Cedric Ware,RB,Southern California,,
Mike Warren,RB,Iowa State,Big 12,Iowa
Trey Watts,RB,Tulsa,FBS - AAC,Oklahoma
Jody Webb,RB,Youngstown State,FCS,Ohio
Ralph Webb,RB,Vanderbilt,SEC,Tennessee
Brandon Wilds,RB,South Carolina,SEC,South Carolina
Andre Williams,RB,Boston College,ACC,Massachusetts
Boom Williams,RB,Kentucky,SEC,Kentucky
James Williams,RB,Washington State,Pac 12,Washington
Malik Williams,RB,Louisville,ACC,Kentucky
Marquez Williams,RB,Miami (FL),ACC,Florida
Trey Williams,RB,Texas A&M,SEC,Texas
Marquis Young,RB,Massachusettes,,
Ryan Yurachek,RB,Marshall,FBS - CUSA,West Virginia
Carlton Agudosi,WR,Rutgers,Big Ten,New Jersey
Deontez Alexander,WR,Franklin College,,
Floyd Allen,WR,Mississippi,,
Anthony Amos,WR,Middle Tennessee State,,
Dres Anderson,WR,Utah,Pac 12,Utah
Demarcus Ayers,WR,Houston,FBS - AAC,Texas
Jeff Badet,WR,Oklahoma,Big 12,Oklahoma
Kenny Bell,WR,Nebraska,Big Ten,Nebraska
Raymond Bolden,WR,Stony Brook,FCS,New York
Marvin Bracy-Williams,WR,Florida State,ACC,Florida
Jack Bramswig,WR,Boston College,ACC,Massachusetts
Frank Brown,WR,Bethune Cookman,,
Ryan Broyles,WR,Oklahoma,Big 12,Oklahoma
Dontez Byrd,WR,Tennessee Tech,FCS,Tennessee
KD Cannon,WR,Baylor,Big 12,Texas
Sammie Coates,WR,Auburn,SEC,Alabama
Stacy Coley,WR,Miami (FL),ACC,Florida
Joshua Crockett,WR,Central Oklahoma,D2,Oklahoma
Jamal Custis,WR,Syracuse,ACC,New York
Rashard Davis,WR,James Madison,FCS,Virginia
Ryan Davis,WR,Auburn,SEC,Alabama
Kahlil Dawson,WR,Portland State,FCS,Oregon
Delfonte Diamond,WR,McMurry,D2,Texas
John Diarse,WR,Texas Christian,,
Kenzel Doe,WR,Wisconsin,Big Ten,Wisconsin
Steven Dunbar,WR,Houston,FBS - AAC,Texas
Travin Dural,WR,Louisiana State,,
Donteea Dye,WR,Heidelberg,D3,Ohio
Ed Eagan,WR,Northwestern State,FCS,Louisiana
Matthew Eaton,WR,Iowa State,Big 12,Iowa
DeVozea Felton,WR,Tuskegee,D2,Alabama
Dontez Ford,WR,Pittsburgh,,
Jacoby Ford,WR,Clemson,ACC,South Carolina
Armanti Foreman,WR,Texas,Big 12,Texas
Jordon Gandy,WR,Murray State,FCS,Kentucky
Keyarris Garrett,WR,Tulsa,FBS - AAC,Oklahoma
Tanner Gentry,WR,Wyoming,FBS - Mountain West,Wyoming
Devin Gray,WR,Cincinnati,FBS - AAC,Ohio
Donald Gray,WR,Mississippi State,SEC,Mississippi
Davon Grayson,WR,East Carolina,FBS - AAC,North Carolina
Jalen Greene,WR,Utah State,FBS - Mountain West,Utah
Antoine Griffin,WR,West Florida,,
Fabian Guerra,WR,Fairmont State,D2,West Virginia
Jalen Guyton,WR,North Texas,FBS - CUSA,Texas
Rannell Hall,WR,Central Florida,,
Karel Hamilton,WR,Samford,FCS,Alabama
DeQuan Hampton,WR,Southern California,,
J-Shun Harris,WR,Indiana,Big Ten,Indiana
Delane Hart-Johnson,WR,New Mexico,FBS - Mountain West,New Mexico
Matt Hazel,WR,Coastal Carolina,FCS,South Carolina
Jerrod Heard,WR,Texas,Big 12,Texas
Dominique Heath,WR,Appalachian State,FBS - Sun Belt,North Carolina
Quadree Henderson,WR,Pittsburgh,,
Timmy Hernandez,WR,Oregon State,Pac 12,Oregon
Treydonte Hill,WR,Western New Mexico,D2,New Mexico
Mikah Holder,WR,San Diego State,FBS - Mountain West,California
Deion Holliman,WR,Missouri State,FCS,Missouri
Reece Horn,WR,Indianapolis,D2,Indiana
Joe Horn Jr,WR,Missouri Western State,D2,Missouri
Alton Howard,WR,Tennessee,SEC,Tennessee
Johnathan Howard,WR,North Carolina,ACC,North Carolina
Chris Hubert,WR,Fayetteville State,D2,North Carolina
Isaiah Huston,WR,Arizona Christian,,
Ishmael Hyman,WR,James Madison,FCS,Virginia
Trenton Irwin,WR,Stanford,Pac 12,California
Blake Jackson,WR,Mary Hardin Baylor,,
Chuck Jacobs,WR,Utah State,FBS - Mountain West,Utah
Taivon Jacobs,WR,Maryland,Big Ten,Maryland
Levern Jacobs III,WR,Maryland,Big Ten,Maryland
Damion Jeanpiere,WR,Nicholls State,FCS,Louisiana
Adonis Jennings,WR,Temple,FBS - AAC,Pennsylvania
Garrett Johnson,WR,Kentucky,SEC,Kentucky
Charlie Jones,WR,American,,
Jamaal Jones,WR,Montana,FCS,Montana
Malachi Jones,WR,Appalachian State,FBS - Sun Belt,North Carolina
Seantavius Jones,WR,Valdosta State,D2,Georgia
Lamar Jordan,WR,New Mexico,FBS - Mountain West,New Mexico
Anthony Kelly,WR,Kutztown,D2,Pennsylvania
Jordan Lasley,WR,UCLA,Pac 12,California
Terrence Lee-Alls,WR,James Madison,FCS,Virginia
Ralph Leonard,WR,Southern Illinois,FCS,Illinois
Jordan Leslie,WR,Brigham Young,,
Kahlil Lewis,WR,Cincinnati,FBS - AAC,Ohio
TommyLee Lewis,WR,Northern Illinois,FBS - MAC,Illinois
Justice Liggins,WR,Stephen F. Austin,FCS,Texas
Stephen Louis,WR,North Carolina State,,
Yedidiah Louis,WR,Sam Houston State,FCS,Texas
Keevan Lucas,WR,Tulsa,FBS - AAC,Oklahoma
Marcus Lucas,WR,Missouri,SEC,Missouri
Devin Lucien,WR,Arizona State,Pac 12,Arizona
Tim Lukas,WR,Illinois,Big Ten,Illinois
Rhyeem Malone,WR,Louisiana,,
Freddie Martino,WR,North Greenville,D2,South Carolina
KJ Maye,WR,Minnesota,Big Ten,Minnesota
Tre McBride,WR,William & Mary,FCS,Virginia
Max McCaffrey,WR,Duke,ACC,North Carolina
Tyre McCants,WR,South Florida,FBS - AAC,Florida
Codey McElroy,WR,Oklahoma State,Big 12,Oklahoma
Mekale McKay,WR,Cincinnati,FBS - AAC,Ohio
Gary McKnight,WR,Northeastern State,D2,Oklahoma
Kelvin McKnight,WR,Samford,FCS,Alabama
Robert Meachem,WR,Tennessee,SEC,Tennessee
Octayvius Miles,WR,Alabama A&M,FCS,Alabama
Sam Mobley,WR,Catawba,,
Alonzo Moore,WR,Nebraska,Big Ten,Nebraska
Richard Mullaney,WR,Oregon State,Pac 12,Oregon
Keith Mumphery,WR,Michigan State,Big Ten,Michigan
Reuben Mwehla,WR,Idaho,FBS - Sun Belt,Idaho
Flynn Nagel,WR,Northwestern,Big Ten,Illinois
Durron Neal,WR,Oklahoma,Big 12,Oklahoma
Thomas Owens,WR,Florida International,FBS - CUSA,Florida
Tyler Palka,WR,Gannon,D2,Pennsylvania
Tobais Palmer,WR,North Carolina State,,
Vinny Papale,WR,Delaware,FCS,Delaware
Damoun Patterson,WR,Youngstown State,FCS,Ohio
Colby Pearson,WR,Brigham Young,,
Troy Pelletier,WR,Lehigh,FCS,Pennsylvania
Ervin Philips,WR,Syracuse,ACC,New York
Cam Phillips,WR,Virginia Tech,ACC,Virginia
De'Mornay Pierson-El,WR,Nebraska,Big Ten,Nebraska
Edgar Poe,WR,Army,FBS - Independent,Kansas
Darius Prince,WR,Penn State-Beaver,,
Austin Proehl,WR,North Carolina,ACC,North Carolina
James Quick,WR,Louisville,ACC,Kentucky
Willie Quinn,WR,Southern,FCS,Louisiana
Brandon Reilly,WR,Nebraska,Big Ten,Nebraska
Keenan Reynolds,WR,Navy,FBS - AAC,Maryland
Korey Robertson,WR,Southern Mississippi,,
Fred Ross,WR,Mississippi State,SEC,Mississippi
Kayaune Ross,WR,Kentucky,SEC,Kentucky
Rashad Ross,WR,Arizona State,Pac 12,Arizona
Jalen Rowell,WR,Air Force,FBS - Mountain West,Colorado
Ezell Ruffin,WR,San Diego State,FBS - Mountain West,California
Xavier Rush,WR,Tulane,FBS - AAC,Louisiana
Alonzo Russell,WR,Toledo,FBS - MAC,Ohio
Brian Sandifer,WR,Wisconsin-Stout,,
John Santiago,WR,North Dakota,FCS,North Dakota
Jalen Saunders,WR,Oklahoma,Big 12,Oklahoma
Qua Searcy,WR,Georgia Tech,ACC,Georgia
Gerrard Sheppard,WR,Towson,FCS,Maryland
Brandon Shippen,WR,Temple,FBS - AAC,Pennsylvania
Terrell Sinkfield,WR,Northern Iowa,FCS,Iowa
Jordan Smallwood,WR,Oklahoma,Big 12,Oklahoma
Jaylen Smith,WR,Louisville,ACC,Kentucky
Patrick Smith,WR,Tennessee State,FCS,Tennessee
Riley Smith,WR,West Texas A&M,D2,Texas
Kamrin Solomon,WR,Florida Atlantic,FBS - CUSA,Florida
Nelson Spruce,WR,Colorado,Pac 12,Colorado
Josh Stewart,WR,Texas-San Antonio,,
Kyle Sweet,WR,Washington State,Pac 12,Washington
Ron'Quavion Tarver,WR,Nevada-Reno,,
Justin Thomas,WR,Georgia Tech,ACC,Georgia
DeAndre Thompkins,WR,Penn State,Big Ten,Pennsylvania
Carlos Thompson,WR,Independance CC,,
Chris Thompson,WR,Florida,SEC,Florida
Jalen Tolliver,WR,Arkansas-Monticello,D2,Arkansas
Jonah Trinnamen,WR,Brigham Young,,
Aaren Vaughns,WR,Utah State,FBS - Mountain West,Utah
Joe Walker,WR,Delaware,FCS,Delaware
L'Damian Washington,WR,Missouri,SEC,Missouri
Jamarius Way,WR,South Alabama,FBS - Sun Belt,Alabama
Jordan Westerkamp,WR,Nebraska,Big Ten,Nebraska
Kermit Whitfield,WR,Florida State,ACC,Florida
Carl Whitley,WR,Abilene Christian,FCS,Texas
Daniel Williams,WR,Jackson State,FCS,Mississippi
Kasen Williams,WR,Washington,Pac 12,Washington
Taj Williams,WR,Texas Christian,,
Terrance Williams,WR,Baylor,Big 12,Texas
Malik Wilson,WR,North Carolina A&T,FCS,North Carolina
Tim Wilson,WR,East Stroudsburg,D2,Pennsylvania
Kendall Wright,WR,Baylor,Big 12,Texas
DeAngelo Yancey,WR,Purdue,Big Ten,Indiana
Isaac Zico,WR,Purdue,Big Ten,Indiana
Julian Allen,TE,Southern Mississippi,,
Jace Amaro,TE,Texas Tech,Big 12,Texas
Nate Askew,TE,Texas A&M,SEC,Texas
Tanner Balderree,TE,Brigham Young,,
Brandon Barnes,TE,Alabama State,FCS,Alabama
Dillon Beard,TE,Southern,FCS,Louisiana
EJ Bibbs,TE,Iowa State,Big 12,Iowa
Romello Brooker,TE,Houston,FBS - AAC,Texas
Kyle Carter,TE,Penn State,Big Ten,Pennsylvania
Orson Charles,TE,Georgia,SEC,Georgia
Gerald Christian,TE,Louisville,ACC,Kentucky
Darion Clark,TE,Southern California,,
Cam Clear,TE,Texas A&M,SEC,Texas
Zach Conque,TE,Stephen F. Austin,FCS,Texas
Micky Crum III,TE,Louisville,ACC,Kentucky
Connor Davis,TE,Stony Brook,FCS,New York
Fred Davis,TE,Southern California,,
Anthony Denham,TE,Utah,Pac 12,Utah
Elkanah Dillon,TE,South Florida,FBS - AAC,Florida
Jonathan Dorsey,TE,Alabama A&M,FCS,Alabama
Aaron Evans,TE,Central Florida,,
DeAndre Goolsby,TE,Florida,SEC,Florida
Connor Hamlett,TE,Oregon State,Pac 12,Oregon
Clay Harbor,TE,Missouri State,FCS,Missouri
Jackson Harris,TE,Georgia,SEC,Georgia
Derrick Hayward,TE,Maryland,Big Ten,Maryland
Garrett Hudson,TE,Richmond,FCS,Virginia
Cole Hunt,TE,Texas Christian,,
Colin Jeter,TE,Louisiana State,,
Ben Johnson,TE,Kansas,Big 12,Kansas
Jalyn Judkins,TE,Angelo State,D2,Texas
Carter Kirk,TE,Southwest Minnesota State,D2,Minnesota
Khari Lee,TE,Bowie State,D2,Maryland
C'yontai Lewis,TE,Florida,SEC,Florida
Jake McGee,TE,Florida,SEC,Florida
Pharoah McKever,TE,Florida International,FBS - CUSA,Florida
Cordon Moog,TE,Baylor,Big 12,Texas
Scott Orndoff,TE,Pittsburgh,,
Donald Parham,TE,Stenson,,
Tyler Petite,TE,Southern California,,
Jake Powell,TE,Monmouth,FCS,New Jersey
Jake Powell,TE,Monmouth,D3,Illinois
Sean Price,TE,South Florida,FBS - AAC,Florida
Stehly Reden,TE,Texas A&M-Kingsville,D2,Texas
Darryl Richardson,TE,San Diego State,FBS - Mountain West,California
Ellis Richardson,TE,Georgia State,FBS - Sun Belt,Georgia
Kalias Robertson,TE,Alabama A&M,FCS,Alabama
Adrien Robinson,TE,Cincinnati,FBS - AAC,Ohio
Jevoni Robinson,TE,Berry,D3,Georgia
Evan Rodriguez,TE,Temple,FBS - AAC,Pennsylvania
Jay Rome,TE,Georgia,SEC,Georgia
Weslye Saunders,TE,South Carolina,SEC,South Carolina
Wes Saxton,TE,South Alabama,FBS - Sun Belt,Alabama
Cameron Serigne,TE,Wake Forest,ACC,North Carolina
Ryan Smith,TE,Miami (OH),FBS - MAC,Ohio
Johnny Stanton,TE,Nevada-Las Vegas,,
Moral Stephens Jr,TE,Florida,SEC,Florida
Jake Sutherland,TE,Morehead State,FCS,Kentucky
Kent Taylor,TE,Texas-El Paso,,
Brett Thompson,TE,Tennessee-Martin,,
Colin Thompson,TE,Temple,FBS - AAC,Pennsylvania
Keith Towbridge,TE,Louisville,ACC,Kentucky
Nick Truesdell,TE,Grand Rapids JC,,
Dimitrios Tsesmetzis,TE,Western Connecticut State,,
Eric Wallace,TE,Seattle,,
Matt Weiser,TE,Buffalo,FBS - MAC,New York
Nic Weishar,TE,Notre Dame,FBS - Independent,Indiana
Cole Wick,TE,Incarnate Word,FCS,Texas
Clayton Wilson,TE,Northwest Missouri State,D2,Missouri
Marcus Applefield,OT,Virginia,ACC,Virginia
Fisayo Awolaja,OT,Northern Colorado,FCS,Colorado
Isaiah Battle,OT,Clemson,ACC,South Carolina
Willie Beavers,OT,Western Michigan,FBS - MAC,Michigan
Adrian Bellard,OT,Texas State,FBS - Sun Belt,Texas
Jonte Berry,OT,Northwest Missouri State,D2,Missouri
Adam Bisnowaty,OT,Pittsburgh,,
Lanard Bonner,OT,Arkansas State,FBS - Sun Belt,Arkansas
Cole Boozer,OT,Temple,FBS - AAC,Pennsylvania
Kevin Bowen,OT,East Central (OK),,
Michael Bowie,OT,Oklahoma State,Big 12,Oklahoma
Darrell Brown,OT,Louisiana Tech,FBS - CUSA,Louisiana
Sean Brown,OT,Mississippi Valley State,FCS,Mississippi
Kendall Calhoun,OT,Cincinnati,FBS - AAC,Ohio
Nick Callender,OT,Colorado State,FBS - Mountain West,Colorado
Blake Camper,OT,South Carolina,SEC,South Carolina
Daniel Cooney,OT,San Diego,FCS,California
Will Corbin,OT,Appalachian State,FBS - Sun Belt,North Carolina
Gerhard de Beer,OT,Arizona,Pac 12,Arizona
Thomas Doles,OT,Northwestern,Big Ten,Illinois
Michael Dunn,OT,Maryland,Big Ten,Maryland
Quinterrius Eatmon,OT,South Florida,FBS - AAC,Florida
Cornelius Edison,OT,Portland State,FCS,Oregon
Justin Evans,OT,South Carolina State,FCS,South Carolina
Tayo Fabuluje,OT,Texas Christian,,
Brian Fineanganofo,OT,Idaho State,FCS,Idaho
Cole Gardner,OT,Eastern Michigan,FBS - MAC,Michigan
Avery Gennesy,OT,Texas A&M,SEC,Texas
Joe Gore,OT,Clemson,ACC,South Carolina
Christian Harris,OT,Duke,ACC,North Carolina
Randall Harris,OT,Towson,FCS,Maryland
Brandon Haskin,OT,Tennessee State,FCS,Tennessee
Donald Hawkins,OT,Texas,Big 12,Texas
Jonathan Haynes,OT,Stony Brook,FCS,New York
Taylor Hearn,OT,Clemson,ACC,South Carolina
Jeremy Hickey,OT,Eastern Michigan,FBS - MAC,Michigan
Brandon Hodges,OT,Texas,Big 12,Texas
Martez Ivey,OT,Florida,SEC,Florida
Dominick Jackson,OT,Alabama,SEC,Alabama
Darius James,OT,Auburn,SEC,Alabama
Leon Johnson,OT,Temple,FBS - AAC,Pennsylvania
Jarron Jones,OT,Notre Dame,FBS - Independent,Indiana
Avery Jordan,OT,New Mexico,FBS - Mountain West,New Mexico
Matt Kauffman,OT,Towson,FCS,Maryland
John Kling,OT,Buffalo,FBS - MAC,New York
Cyrus Kouandjio,OT,Alabama,SEC,Alabama
Gerard Kough,OT,Colorado,Pac 12,Colorado
Voghens Larrieux,OT,Coastal Carolina,FCS,South Carolina
Patrick Lawrence,OT,Baylor,Big 12,Texas
Javarius Leamon,OT,South Carolina State,FCS,South Carolina
Miguel Machado,OT,Michigan State,Big Ten,Michigan
Lene Maiava,OT,Arizona,Pac 12,Arizona
Kamalie Matthews,OT,Murray State,FCS,Kentucky
Eric Mayes,OT,South Florida,FBS - AAC,Florida
Riley Mayfield,OT,North Texas,FBS - CUSA,Texas
Matt McCants,OT,Alabama-Birmingham,,
Craig McCorkle,OT,California (PA),D2,Pennsylvania
Ty McCulley,OT,Colorado State-Pueblo,D2,Colorado
Andrew McDonald,OT,Indiana,Big Ten,Indiana
Jamar McGloster,OT,Syracuse,ACC,New York
Aaron Monteiro,OT,Boston College,ACC,Massachusetts
Anthony Morris,OT,Tennessee State,FCS,Tennessee
Christian Morris,OT,Mississippi,,
Trae Moxley,OT,Colorado State,FBS - Mountain West,Colorado
Kyle Murphy,OT,Stanford,Pac 12,California
Pace Murphy,OT,Northwestern State,FCS,Louisiana
Storm Norton,OT,Toledo,FBS - MAC,Ohio
Kevin Palmer,OT,Baylor,Big 12,Texas
Kent Perkins,OT,Texas,Big 12,Texas
Terry Poole,OT,San Diego State,FBS - Mountain West,California
Ryan Pope,OT,San Diego State,FBS - Mountain West,California
Damian Prince,OT,Maryland,Big Ten,Maryland
Bruno Reagan,OT,Vanderbilt,SEC,Tennessee
Messiah Rice,OT,Hampton,FCS,Virginia
Jaelin Robinson,OT,Temple,FBS - AAC,Pennsylvania
Naty Rodgers,OT,Houston,FBS - AAC,Texas
Tyler Roemer,OT,San Diego State,FBS - Mountain West,California
Jordan Rose,OT,Idaho,FBS - Sun Belt,Idaho
TJ Roundtree,OT,Colorado State,FBS - Mountain West,Colorado
Jimmie Sims,OT,Western Kentucky,FBS - CUSA,Kentucky
Nate Theaker,OT,Wayne State,D2,Michigan
Josiah Tonu,OT,Oregon Tech,,
Casey Tucker,OT,Arizona State,Pac 12,Arizona
Logan Tuley-Tillman,OT,Michigan,Big Ten,Michigan
Dwayne Wallace,OT,Kansas,Big 12,Kansas
Toby Weathersby,OT,Louisiana State,,
De'Ondre Wesley,OT,Brigham Young,,
Rathvon Williams,OT,Louisiana College,D3,Louisiana
Chasz Wright,OT,Penn State,Big Ten,Pennsylvania
Tony Adams,OG,North Carolina State,,
Jordan Agasiva,OG,Utah,Pac 12,Utah
Dejon Allen,OG,Hawaii,FBS - Mountain West,Hawaii
Josh Allen,OG,Louisiana Monroe,,
Kareem Are,OG,Florida State,ACC,Florida
Kirk Barron,OG,Purdue,Big Ten,Indiana
Abdul Beecham,OG,Kansas State,Big 12,Kansas
Mitchell Bell,OG,Louisiana Tech,FBS - CUSA,Louisiana
Wilson Bell,OG,Florida State,ACC,Florida
Daronte Bouldin,OG,Mississippi,,
Venzell Boulware,OG,Tennessee,SEC,Tennessee
Toree Boyd,OG,Howard,FCS,Washington DC
Grant Branch,OG,Eastern Illinois,FCS,Illinois
Chris Brown,OG,Southern California,,
Leon Brown,OG,Alabama,SEC,Alabama
Juwann Bushell-Beatty,OG,Michigan,Big Ten,Michigan
William Campbell,OG,Michigan,Big Ten,Michigan
Jake Campos,OG,Iowa State,Big 12,Iowa
Shakir Carr,OG,Central Michigan,FBS - MAC,Michigan
Kyle Chung,OG,Virginia Tech,ACC,Virginia
Rishard Cook,OG,Alabama-Birmingham,,
Anthony Coyle,OG,Fordham,FCS,New York
Christian Cronk,OG,Fresno State,FBS - Mountain West,California
Ryan Cummings,OG,Wyoming,FBS - Mountain West,Wyoming
Mason Denley,OG,Houston,FBS - AAC,Texas
Jessamen Dunker,OG,Tennessee State,FCS,Tennessee
Andrew Erbes,OG,Nevada-Las Vegas,,
Isame Faciane,OG,Florida International,FBS - CUSA,Florida
Brandon Fanaika,OG,Stanford,Pac 12,California
Chase Farris,OG,Ohio State,Big Ten,Ohio
Brian Folkerts,OG,Washburn,D2,Kansas
Tim Gardner,OG,Alcorn State,FCS,Mississippi
Zack Golditch,OG,Colorado State,FBS - Mountain West,Colorado
Jeremi Hall,OG,South Florida,FBS - AAC,Florida
Isaiah Hardy,OG,West Virginia,Big 12,West Virginia
Sean Hickey,OG,Syracuse,ACC,New York
Trevin Huff,OG,Bethune Cookman,,
Tre Jackson,OG,Florida State,ACC,Florida
Jocquell Johnson,OG,Mississippi State,SEC,Mississippi
Jahair Jones,OG,Miami (FL),ACC,Florida
Tuni Kanuch,OG,Brigham Young,,
John Keenoy,OG,Western Michigan,FBS - MAC,Michigan
Zac Kerin,OG,Toledo,FBS - MAC,Ohio
Korren Kirven,OG,Alabama,SEC,Alabama
Arie Kouandjio,OG,Alabama,SEC,Alabama
Fred Lauina,OG,Oregon State,Pac 12,Oregon
Jovann Letuli,OG,Akron,FBS - MAC,Ohio
Marquis Lucas,OG,West Virginia,Big 12,West Virginia
Lamar Mady,OG,Youngstown State,FCS,Ohio
Damien Mama,OG,Southern California,,
Bob Marco,OG,Washburn,D2,Kansas
Lawrence Martin,OG,South Florida,FBS - AAC,Florida
Chandler Miller,OG,Tulsa,FBS - AAC,Oklahoma
Michael Miller,OG,Washburn,D2,Kansas
Blake Muir,OG,Baylor,Big 12,Texas
Robert Myers,OG,Tennessee State,FCS,Tennessee
Oni Omoile,OG,Iowa State,Big 12,Iowa
Jac'que Polite,OG,Winston Salem,,
Terron Prescod,OG,North Carolina State,,
Norman Price,OG,Southern Mississippi,,
Cyril Richardson,OG,Baylor,Big 12,Texas
Maurquice Shakir,OG,Middle Tennessee State,,
Conor Sheehy,OG,Wisconsin,Big Ten,Wisconsin
Ian Silberman,OG,Boston College,ACC,Massachusetts
Nico Siragusa,OG,San Diego State,FBS - Mountain West,California
Micah St. Andrew,OG,Fresno State,FBS - Mountain West,California
Bunchy Stallings,OG,Kentucky,SEC,Kentucky
Maea Teuhema,OG,Southeast Louisiana,,
Dallas Thomas,OG,Tennessee,SEC,Tennessee
Andrew Tiller,OG,Syracuse,ACC,New York
Marquez Tucker,OG,Southern Utah,FCS,Utah
Salesi Uhatafe,OG,Utah,Pac 12,Utah
Patrick Vahe,OG,Texas,Big 12,Texas
Brandon Washington,OG,Miami (FL),ACC,Florida
Isaiah Williams,OG,Akron,FBS - MAC,Ohio
Larry Williams,OG,Oklahoma State,Big 12,Oklahoma
John Yarbrough,OG,Richmond,FCS,Virginia
Avery Young,OG,Auburn,SEC,Alabama
Ty Allen,OC,Tennessee State,FCS,Tennessee
Ryan Anderson,OC,Wake Forest,ACC,North Carolina
Alex Balducci,OC,Oregon,Pac 12,Oregon
Garrett Brumfield,OC,Louisiana State,,
Freddie Burden,OC,Georgia Tech,ACC,Georgia
Matthew Cohen,OC,Lehigh,FCS,Pennsylvania
DJ Coker,OC,Rhodes College,,
Parker Collins,OC,Appalachian State,FBS - Sun Belt,North Carolina
Dillon Day,OC,Mississippi State,SEC,Mississippi
Dillon DeBoer,OC,Florida Atlantic,FBS - CUSA,Florida
Alec Eberle,OC,Florida State,ACC,Florida
Tyler Gauthier,OC,Miami (FL),ACC,Florida
Austin Golson,OC,Auburn,SEC,Alabama
Steven Gurrola,OC,Arizona,Pac 12,Arizona
Vitas Hrynkiewicz,OC,Youngstown State,FCS,Ohio
Jacob Judd,OC,Western Illinois,FCS,Illinois
Tejan Koroma,OC,Brigham Young,,
Patrick Lewis,OC,Texas A&M,SEC,Texas
Jordan McCray,OC,Central Florida,,
Michael Montero,OC,Florida International,FBS - CUSA,Florida
James Murray,OC,Holy Cross,FCS,Massachusetts
James O'Hagan,OC,Buffalo,FBS - MAC,New York
Ronald Patrick,OC,South Carolina,SEC,South Carolina
Demetrius Rhaney,OC,Tennessee State,FCS,Tennessee
Matt Schmidt,OC,Furman,FCS,South Carolina
Jon Toth,OC,Kentucky,SEC,Kentucky
Walvenski Aime,DT,Florida State,ACC,Florida
Siupeli Anau,DT,Northern Arizona,FCS,Arizona
Richard Ash,DT,Western Michigan,FBS - MAC,Michigan
Josh Augusta,DT,Missouri,SEC,Missouri
Drew Bailey,DT,Louisville,ACC,Kentucky
Daryle Banfield,DT,Brown,FCS,Rhode Island
Josh Banks,DT,Wake Forest,ACC,North Carolina
TJ Barnes,DT,Georgia Tech,ACC,Georgia
Shane Bowman,DT,Washington,Pac 12,Washington
Paul Boyette,DT,Texas,Big 12,Texas
Latarius Brady,DT,Memphis,FBS - AAC,Tennessee
Walter Brady,DT,Akron,FBS - MAC,Ohio
Omarius Bryant,DT,Western Kentucky,FBS - CUSA,Kentucky
Kyle Cerge-Henderson,DT,Georgia Tech,ACC,Georgia
Austin Cieslak,DT,North Dakota State,FCS,North Dakota
Khairi Clark,DT,Florida,SEC,Florida
Winston Craig,DT,Richmond,FCS,Virginia
Malik Dorton,DT,Southern California,,
Bryce Douglas,DT,Northern Iowa,FCS,Iowa
BJ Dubose,DT,Louisville,ACC,Kentucky
Josh Fatu,DT,Southern California,,
Will Geary,DT,Kansas State,Big 12,Kansas
Youhanna Ghaifan,DT,Wyoming,FBS - Mountain West,Wyoming
Tony Guerad,DT,Central Florida,,
Darius Hamilton,DT,Rutgers,Big Ten,New Jersey
Marcus Hardison,DT,Arizona State,Pac 12,Arizona
Tank Harris,DT,North Dakota,FCS,North Dakota
Jay Hayes,DT,Notre Dame,FBS - Independent,Indiana
Roderick Henderson,DT,Alabama State,FCS,Alabama
Ra'Zahn Howard,DT,Purdue,Big Ten,Indiana
Reggie Howard,DT,Toledo,FBS - MAC,Ohio
Ben Huss,DT,Duquense,,
Nick James,DT,Mississippi State,SEC,Mississippi
Courtel Jenkins,DT,Miami (FL),ACC,Florida
Alexis Johnson,DT,Tennessee,SEC,Tennessee
Anthony Johnson,DT,Louisiana State,,
Toby Johnson,DT,Georgia,SEC,Georgia
Davonte Lambert,DT,Auburn,SEC,Alabama
Duvonta Lampkin,DT,Oklahoma,Big 12,Oklahoma
Jeremy Liggins,DT,Mississippi,,
Claudell Louis,DT,Fresno State,FBS - Mountain West,California
Izaah Lunsford,DT,Bowling Green,FBS - MAC,Ohio
Caushaud Lyons,DT,Tusculum,,
Joey Mbu,DT,Houston,FBS - AAC,Texas
Julian McKnight,DT,North Carolina A&T,FCS,North Carolina
Adrian Middleton,DT,Kentucky,SEC,Kentucky
Giorgio Newberry,DT,Florida State,ACC,Florida
Ronald Ollie,DT,Nicholls State,FCS,Louisiana
Leon Orr,DT,Florida,SEC,Florida
Scott Pagano,DT,Clemson,ACC,South Carolina
Walter Palmore,DT,Missouri,SEC,Missouri
Jake Payne,DT,Shenandoah,D3,Virginia
Teko Powell,DT,Alabama-Birmingham,,
Elijah Qualls,DT,Washington,Pac 12,Washington
Micanor Regis,DT,Miami (FL),ACC,Florida
Waylon Roberson,DT,Arkansas State,FBS - Sun Belt,Arkansas
Owen Roberts,DT,San Jose State,FBS - Mountain West,California
Gelen Robinson,DT,Purdue,Big Ten,Indiana
Robert Rose,DT,Ohio State,Big Ten,Ohio
Bunmi Rotimi,DT,Old Dominion,FBS - CUSA,Virginia
Olive Sagapolu,DT,Wisconsin,Big Ten,Wisconsin
Trevon Sanders,DT,Troy,FBS - Sun Belt,Alabama
Casey Sayles,DT,Ohio,FBS - MAC,Ohio
Sealver Siliga,DT,Utah,Pac 12,Utah
Garrison Smith,DT,Georgia,SEC,Georgia
Ray Smith,DT,Boston College,ACC,Massachusetts
Kristjan Sokoli,DT,Buffalo,FBS - MAC,New York
Kellen Soulek,DT,South Dakota State,FCS,South Dakota
Tracy Sprinkle,DT,Ohio State,Big Ten,Ohio
Andrew Stelter,DT,Minnesota,Big Ten,Minnesota
Will Sutton,DT,Arizona State,Pac 12,Arizona
Handsome Tanielu,DT,Brigham Young,,
Pasoni Tasini,DT,Utah,Pac 12,Utah
Larry Tharpe,DT,Arizona,Pac 12,Arizona
Jordan Thompson,DT,Northwestern,Big Ten,Illinois
Trenton Thompson,DT,Georgia,SEC,Georgia
Tyrell Thompson,DT,Tarleton State,D2,Texas
Khyri Thornton,DT,Southern Mississippi,,
Nick Tompkins,DT,Dartmouth,FCS,New Hampshire
Charles Tuaau,DT,Texas A&M-Commerce,D2,Texas
Taniela Tupou,DT,Washington,Pac 12,Washington
Kalani Vakameilalo,DT,Oregon State,Pac 12,Oregon
Jordan Wade,DT,Oklahoma,Big 12,Oklahoma
Cavon Walker,DT,Maryland,Big Ten,Maryland
Ricky Walker,DT,Virginia Tech,ACC,Virginia
Channing Ward,DT,Mississippi,,
Nikita Whitlock,DT,Wake Forest,ACC,North Carolina
Andrew Williams,DT,Auburn,SEC,Alabama
Roderick Young,DT,North Texas,FBS - CUSA,Texas
Frank Alexander,DE,Oklahoma,Big 12,Oklahoma
Justin Alexandre,DE,Incarnate Word,FCS,Texas
Kiante' Anderson,DE,East Carolina,FBS - AAC,North Carolina
Andrew Ankrah,DE,James Madison,FCS,Virginia
Tavaris Barnes,DE,Clemson,ACC,South Carolina
Justice Bishop,DE,Union (NY),,
Jordan Bradford,DE,Louisiana Tech,FBS - CUSA,Louisiana
Quinton Bradley,DE,Idaho,FBS - Sun Belt,Idaho
Johnathan Calvin,DE,Mississippi State,SEC,Mississippi
Jake Ceresna,DE,Cortland State,D3,New York
Corey Crawford,DE,Clemson,ACC,South Carolina
Torrey Dale,DE,Mississippi State,SEC,Mississippi
Ryan Davis,DE,Bethune-Cookman,FCS,Florida
Chase DeMoor,DE,Central Washington,D2,Washington
Brian Dolce,DE,Albany,FCS,New York
Kony Ealy,DE,Missouri,SEC,Missouri
Danny Ezechukwu,DE,Purdue,Big Ten,Indiana
Connor Flagel,DE,Central Missouri,D2,Missouri
James Folston,DE,Pittsburgh,,
Marcell Frazier,DE,Missouri,SEC,Missouri
KeShun Freeman,DE,Georgia Tech,ACC,Georgia
Christian French,DE,Oregon,Pac 12,Oregon
Jamell Garcia-Williams,DE,Alabama-Birmingham,,
Nick Giorgio,DE,Springfield,D3,Massachusetts
Obum Gwacham,DE,Oregon State,Pac 12,Oregon
Charles Harris,DE,Buffalo,FBS - MAC,New York
Malik Harris,DE,Incarnate Word,FCS,Texas
Adrian Hubbard,DE,Alabama,SEC,Alabama
Farrington Huguenin,DE,Kentucky,SEC,Kentucky
Martin Ifedi,DE,Memphis,FBS - AAC,Tennessee
Eric Jackson,DE,Central Arkansas,FCS,Arkansas
Leo Jackson,DE,Colorado,Pac 12,Colorado
Vincent Jackson,DE,South Florida,FBS - AAC,Florida
Alex Jenkins,DE,International,,
Anthony Johnson,DE,Florida International,FBS - CUSA,Florida
George Johnson,DE,Rutgers,Big Ten,New Jersey
Markus Jones,DE,Angelo State,D2,Texas
Shaq Jones,DE,Alabama-Birmingham,,
Ulric Jones,DE,South Carolina,SEC,South Carolina
Corbin Kaufusi,DE,Brigham Young,,
Brian Khoury,DE,Carnegie Mellon,D3,Pennsylvania
Hau'oli Kikaha,DE,Washington,Pac 12,Washington
Meffy Koloamatangi,DE,Hawaii,FBS - Mountain West,Hawaii
Austin Larkin,DE,Purdue,Big Ten,Indiana
Tramond Lofton,DE,Delta State,D2,Mississippi
Stansly Maponga,DE,Texas Christian,,
Jamal Marcus,DE,Akron,FBS - MAC,Ohio
Praise Martin-Oguike,DE,Temple,FBS - AAC,Pennsylvania
Johnny Maxey,DE,Mars Hill,,
Willie Mays,DE,Tiffin,D2,Ohio
Durrant Miles,DE,Boise State,FBS - Mountain West,Idaho
Sam Montgomery,DE,Louisiana State,,
Deiontrez Mount,DE,Louisville,ACC,Kentucky
Ryan Mueller,DE,Kansas State,Big 12,Kansas
Myles Nash,DE,Rutgers,Big Ten,New Jersey
Dame Ndiaye,DE,Portland State,FCS,Oregon
Jason Neill,DE,Texas-San Antonio,,
Shawn Oakman,DE,Baylor,Big 12,Texas
Victor Ochi,DE,Stony Brook,FCS,New York
Sydney Omameh,DE,Grand Valley State,D2,Michigan
Jarrell Owens,DE,Oklahoma State,Big 12,Oklahoma
Tenny Palepoi,DE,Utah,Pac 12,Utah
Gimel President,DE,Illinois,Big Ten,Illinois
Quincy Redmon,DE,Fairmont State,D2,West Virginia
Cedric Reed,DE,Texas,Big 12,Texas
Taylor Reed,DE,Southern Methodist,,
Michael Reynolds,DE,Kansas,Big 12,Kansas
Bobby Richardson,DE,Indiana,Big Ten,Indiana
Gerald Rivers,DE,Mississippi,,
Dante Sawyer,DE,South Carolina,SEC,South Carolina
John Sheehy,DE,West Texas A&M,D2,Texas
Jacquies Smith,DE,Missouri,SEC,Missouri
Marlon Smith,DE,Texas-San Antonio,,
Justin Stewart,DE,Central Oklahoma,D2,Oklahoma
Devin Taylor,DE,South Carolina,SEC,South Carolina
Aaron Tiller,DE,Southern,FCS,Louisiana
Immanuel Turner,DE,Louisiana Tech,FBS - CUSA,Louisiana
Prince Unaegbu,DE,Pace,D2,New York
Corey Vereen,DE,Tennessee,SEC,Tennessee
Kevin Wilkins,DE,Rutgers,Big Ten,New Jersey
Rykeem Yates,DE,Nevada-Reno,,
Patrick Afriyie,LB,Colgate,FCS,New York
Donnie Alexander,LB,Louisiana State,,
Bryson Allen-Williams,LB,South Carolina,SEC,South Carolina
Josh Banderas,LB,Nebraska,Big Ten,Nebraska
Khalil Bass,LB,Portland State,FCS,Oregon
Emmanuel Beal,LB,Oklahoma,Big 12,Oklahoma
Steve Beauharnais,LB,Rutgers,Big Ten,New Jersey
Eric Beisel,LB,Missouri,SEC,Missouri
Brandon Bell,LB,Penn State,Big Ten,Pennsylvania
BJ Blunt,LB,McNeese State,FCS,Louisiana
Dante Booker,LB,Ohio State,Big Ten,Ohio
Carl Bradford,LB,Arizona State,Pac 12,Arizona
Alex Briones,LB,Central Michigan,FBS - MAC,Michigan
Arthur Brown,LB,Kansas State,Big 12,Kansas
Asantay Brown,LB,Western Michigan,FBS - MAC,Michigan
Beniquez Brown,LB,Mississippi State,SEC,Mississippi
Terrance Bullitt,LB,Texas Tech,Big 12,Texas
Kaelin Burnett,LB,Nevada-Reno,,
Jonathan Celestin,LB,Minnesota,Big Ten,Minnesota
Reshard Cliett,LB,South Florida,FBS - AAC,Florida
Te'Von Coney,LB,Notre Dame,FBS - Independent,Indiana
Matt Conroy,LB,Salve Regina,D3,Rhode Island
Nick D'Avanzo,LB,New Mexico,FBS - Mountain West,New Mexico
Deshaun Davis,LB,Auburn,SEC,Alabama
Ray Ray Davison,LB,California,Pac 12,California
Nick DeLuca,LB,North Dakota State,FCS,North Dakota
Ruben Demosthene,LB,Southern Nazarene,D2,Oklahoma
Garret Dooley,LB,Wisconsin,Big Ten,Wisconsin
Koa Farmer,LB,Penn State,Big Ten,Pennsylvania
Marquis Flowers,LB,Arizona,Pac 12,Arizona
Khairi Fortt,LB,California,Pac 12,California
Jabril Frazier,LB,Boise State,FBS - Mountain West,Idaho
Kris Frost,LB,Auburn,SEC,Alabama
Alex Funches,LB,California,Pac 12,California
Terence Garvin,LB,West Virginia,Big 12,West Virginia
DeMarquis Gates,LB,Mississippi,,
Quentin Gause,LB,Rutgers,Big Ten,New Jersey
Frank Ginda,LB,San Jose State,FBS - Mountain West,California
Khaseem Greene,LB,Rutgers,Big Ten,New Jersey
Nicholas Grigsby,LB,Pittsburgh,,
Jesse Hayes,LB,Wisconsin,Big Ten,Wisconsin
Ben Heeney,LB,Kansas,Big 12,Kansas
D'Juan Hines,LB,Houston,FBS - AAC,Texas
Ro'Derrick Hoskins,LB,Florida State,ACC,Florida
Andrew Jackson,LB,Western Kentucky,FBS - CUSA,Kentucky
Jalen Johnson,LB,Georgia Tech,ACC,Georgia
Jawuan Johnson,LB,Texas Christian,,
Kerron Johnson,LB,Coastal Carolina,FCS,South Carolina
Steven Johnson,LB,Kansas,Big 12,Kansas
Jordan Jones,LB,Kentucky,SEC,Kentucky
Taiwan Jones,LB,Michigan State,Big Ten,Michigan
Junior Joseph,LB,Connecticut,FBS - AAC,Connecticut
Josh Kaddu,LB,Oregon,Pac 12,Oregon
Keith Kelsey,LB,Louisville,ACC,Kentucky
Christian Kuntz,LB,Duquesne,FCS,Pennsylvania
Joel Lanning,LB,Iowa State,Big 12,Iowa
Brandon Lee,LB,Missouri,SEC,Missouri
Darnell Leslie,LB,Monmouth,FCS,New Jersey
Darnell Leslie,LB,Monmouth,D3,Illinois
Drew Lewis,LB,Colorado,Pac 12,Colorado
Totauhelotu Lotulelei,LB,Nevada-Las Vegas,,
Kavika Luafatasaga,LB,Utah,Pac 12,Utah
Jeff Luc,LB,Cincinnati,FBS - AAC,Ohio
Greer Martini,LB,Notre Dame,FBS - Independent,Indiana
Jonathan Massaquoi,LB,Troy,FBS - Sun Belt,Alabama
Boomer Mays,LB,Northern Illinois,FBS - MAC,Illinois
Robert McCray,LB,Indiana,Big Ten,Indiana
Chase Middleton,LB,Georgia State,FBS - Sun Belt,Georgia
Nyles Morgan,LB,Notre Dame,FBS - Independent,Indiana
Rob Myers,LB,Minnesota State-Mankato,D2,Minnesota
EJ Norris,LB,Shepherd,D2,West Virginia
Reggie Northrop,LB,Florida State,ACC,Florida
Terrance Parks,LB,Florida State,ACC,Florida
Gionni Paul,LB,Utah,Pac 12,Utah
Brandon Payer,LB,Colorado State-Pueblo,D2,Colorado
Peyton Pelluer,LB,Washington State,Pac 12,Washington
Eric Pinkins,LB,San Diego State,FBS - Mountain West,California
Terrance Plummer,LB,Central Florida,,
Kyle Queiro,LB,Northwestern,Big Ten,Illinois
Johnny Ragin,LB,Oregon,Pac 12,Oregon
Jon Reschke,LB,Michigan State,Big Ten,Michigan
Edmond Robinson,LB,Newberry,,
Javon Rolland-Jones,LB,Arkansas State,FBS - Sun Belt,Arkansas
Anthony Sarao,LB,Southern California,,
Tegray Scales,LB,Indiana,Big Ten,Indiana
Ty Schwab,LB,Boston College,ACC,Massachusetts
Michael Shaw,LB,Georgia Southern,FBS - Sun Belt,Georgia
Sterling Sheffield,LB,Maine,FCS,Maine
Ed Shockley,LB,Villanova,FCS,Pennsylvania
Yawin Smallwood,LB,Connecticut,FBS - AAC,Connecticut
Will Smith,LB,Texas Tech,Big 12,Texas
Ike Spearman,LB,Eastern Michigan,FBS - MAC,Michigan
Jeremiah Spicer,LB,No College,,
Silas Stewart,LB,Incarnate Word,FCS,Texas
Anthony Stubbs,LB,Prairie View A&M,FCS,Texas
A.J. Tarpley,LB,Stanford,Pac 12,California
Nick Temple,LB,Cincinnati,FBS - AAC,Ohio
Jameer Thurman,LB,Indiana State,FCS,Indiana
Davis Tull,LB,Chattanooga,FCS,Tennessee
James Vaughters,LB,Stanford,Pac 12,California
Lucas Wacha,LB,Wyoming,FBS - Mountain West,Wyoming
Ryan Watson,LB,Air Force,FBS - Mountain West,Colorado
Tre Watson,LB,Maryland,Big Ten,Maryland
Brandon Watts,LB,Georgia Tech,ACC,Georgia
Darrell Williams,LB,Auburn,SEC,Alabama
Jaboree Williams,LB,Wake Forest,ACC,North Carolina
Tre' Williams,LB,Auburn,SEC,Alabama
Anthony Wint,LB,Florida International,FBS - CUSA,Florida
Scooby Wright,LB,Arizona,Pac 12,Arizona
Juwon Young,LB,Marshall,FBS - CUSA,West Virginia
Tenny Adewusi,CB,Delaware,FCS,Delaware
Jude Adjei-Barimah,CB,Bowling Green,FBS - MAC,Ohio
Terrence Alexander,CB,Louisiana State,,
Elijah Battle,CB,West Virginia,Big 12,West Virginia
Malik Boynton,CB,Austin Peay,FCS,Tennessee
Donatello Brown,CB,Valdosta State,D2,Georgia
Ray Buchanan Jr,CB,Northern Iowa,FCS,Iowa
Trey Caldwell,CB,Louisiana Monroe,,
Elijah Campbell,CB,Northern Iowa,FCS,Iowa
Bryce Canady,CB,Florida International,FBS - CUSA,Florida
Rashard Causey,CB,Central Florida,,
Bryce Cheek,CB,Akron,FBS - MAC,Ohio
Reggie Cole,CB,Mary Hardin Baylor,,
Qua Cox,CB,Jackson State,FCS,Mississippi
Brandin Dandridge,CB,Missouri Western,,
Chris Davis,CB,Auburn,SEC,Alabama
Davante Davis,CB,Texas,Big 12,Texas
Jhavonte Dean,CB,Miami (FL),ACC,Florida
Treston Decoud,CB,Oregon State,Pac 12,Oregon
Lorenzo Doss,CB,Tulane,FBS - AAC,Louisiana
Clifton Duck,CB,Appalachian State,FBS - Sun Belt,North Carolina
Greg Ducre,CB,Washington,Pac 12,Washington
Jaylen Dunlap,CB,Illinois,Big Ten,Illinois
Lashard Durr,CB,Mississippi State,SEC,Mississippi
Artrel Foster-Bell,CB,Temple,FBS - AAC,Pennsylvania
John Franklin III,CB,Auburn,SEC,Alabama
Justin Gibbons,CB,Aurora,D3,Illinois
Doran Grant,CB,Ohio State,Big Ten,Ohio
Ladarius Gunter,CB,Miami (FL),ACC,Florida
Heath Harding,CB,Miami (OH),FBS - MAC,Ohio
Josh Hawkins,CB,East Carolina,FBS - AAC,North Carolina
Will Hines,CB,Southeast Louisiana,,
Tyree Holder,CB,Ball State,FBS - MAC,Indiana
Tyrin Holloway,CB,Western Illinois,FCS,Illinois
Demontre Hurst,CB,Oklahoma,Big 12,Oklahoma
Charles James,CB,Charleston Southern,FCS,South Carolina
Joshua Jenkins,CB,Army,FBS - Independent,Kansas
Jeremiah Johnson,CB,Concord (WV),,
Anthoula Kelly,CB,Fresno State,FBS - Mountain West,California
Brendan Langley,CB,Lamar,FCS,Texas
Desmond Lawrence,CB,North Carolina,ACC,North Carolina
Travis Lee,CB,Miles,,
Bradford Lemmons,CB,Furman,FCS,South Carolina
Shelton Lewis,CB,Florida Atlantic,FBS - CUSA,Florida
Jay Liggins,CB,Dickinson State,,
Christopher Love,CB,East Carolina,FBS - AAC,North Carolina
Justin Martin,CB,Tennessee,SEC,Tennessee
Tre Mathis,CB,Toledo,FBS - MAC,Ohio
Jeremiah McKinnon,CB,Florida International,FBS - CUSA,Florida
Harlan Miller,CB,Southeast Louisiana,,
Dakari Monroe,CB,San Jose State,FBS - Mountain West,California
C.J Moore,CB,North Carolina Central,FCS,North Carolina
Sterling Moore,CB,Southern Methodist,,
KJ Morton,CB,Baylor,Big 12,Texas
Darius Mouton,CB,Nevada-Las Vegas,,
Najee Murray,CB,Kent State,FBS - MAC,Ohio
Jalen Myrick,CB,Minnesota,Big Ten,Minnesota
DeJuan Neal,CB,Shepherd,D2,West Virginia
J.R. Nelson,CB,Montana,FCS,Montana
Picasso Nelson,CB,Southern Mississippi,,
Robert Nelson,CB,Arizona State,Pac 12,Arizona
Deatrick Nichols,CB,South Florida,FBS - AAC,Florida
Deji Olatoye,CB,North Carolina A&T,FCS,North Carolina
Brian Peavy,CB,Iowa State,Big 12,Iowa
Aarion Penton,CB,Missouri,SEC,Missouri
Jamal Peters,CB,Mississippi State,SEC,Mississippi
Dashaun Phillips,CB,Tarleton State,D2,Texas
Jermaine Ponder,CB,St. Francis,,
Jackson Porter,CB,Massachusettes,,
Raysean Pringle,CB,Southern Utah,FCS,Utah
Joseph Putu,CB,Florida,SEC,Florida
Rodney Randle,CB,Lamar,FCS,Texas
Malik Reaves,CB,Villanova,FCS,Pennsylvania
Dante Redwood,CB,Mercyhurst,D2,Pennsylvania
Trovon Reed,CB,Auburn,SEC,Alabama
Denzel Rice,CB,Coastal Carolina,FCS,South Carolina
David Rivers,CB,Youngstown State,FCS,Ohio
CJ Roberts,CB,Colorado State-Pueblo,D2,Colorado
Jermaine Robinson,CB,Toledo,FBS - MAC,Ohio
Joel Ross,CB,Appalachian State,FBS - Sun Belt,North Carolina
Nydair Rouse,CB,West Chester,D2,Pennsylvania
Mohammed Seisay,CB,Nebraska,Big Ten,Nebraska
JaCorey Shepherd,CB,Kansas,Big 12,Kansas
David Simmons,CB,North Park,D3,Illinois
Albert Smalls,CB,Northern Illinois,FBS - MAC,Illinois
C.J. Smith,CB,North Dakota State,FCS,North Dakota
Arrion Springs,CB,Oregon,Pac 12,Oregon
Mike Stevens,CB,North Carolina State,,
Channing Stribling,CB,Michigan,Big Ten,Michigan
Jamar Summers,CB,Connecticut,FBS - AAC,Connecticut
Bradley Sylve,CB,Alabama,SEC,Alabama
Arnold Tarpley,CB,Vanderbilt,SEC,Tennessee
Roman Tatum,CB,Southern Illinois,FCS,Illinois
Robert Taylor,CB,Washington State,Pac 12,Washington
Ranthony Texada,CB,Texas Christian,,
Brayleon Thorns,CB,Southeast Louisiana,,
Jack Tocho,CB,North Carolina State,,
D'Montre Wade,CB,Murray State,FCS,Kentucky
Zeke Walker,CB,Southeast Louisiana,,
Cleveland Wallace,CB,San Jose State,FBS - Mountain West,California
Malik Warner,CB,Wagner,FCS,New York
Herb Waters,CB,Miami (FL),ACC,Florida
Nick Watkins,CB,Houston,FBS - AAC,Texas
Ian Wells,CB,Ohio,FBS - MAC,Ohio
Marquez White,CB,Florida State,ACC,Florida
Oscar White,CB,Dubuque,D3,Iowa
Ryan White,CB,Auburn,SEC,Alabama
Darius Williams,CB,Colorado State-Pueblo,D2,Colorado
Jamarkese Williams,CB,Incarnate Word,FCS,Texas
Omari Williams,CB,Samford,FCS,Alabama
Raekwon Williams,CB,Florida Atlantic,FBS - CUSA,Florida
Steve Williams,CB,California,Pac 12,California
Khalid Wooten,CB,Nevada-Reno,,
Jordan Wyatt,CB,Southern Methodist,,
Devin Abraham,SAF,South Florida,FBS - AAC,Florida
Kendall Adams,SAF,Kansas State,Big 12,Kansas
Jarell Addo,SAF,Massachusettes,,
Dravon Askew-Henry,SAF,West Virginia,Big 12,West Virginia
Parker Baldwin,SAF,San Diego State,FBS - Mountain West,California
Marcus Ball,SAF,Memphis,FBS - AAC,Tennessee
Mike Bell,SAF,Fresno State,FBS - Mountain West,California
Dashawn Benton,SAF,East Carolina,FBS - AAC,North Carolina
Marcelis Branch,SAF,Robert Morris,FCS,Pennsylvania
Kentrell Brice,SAF,Louisiana Tech,FBS - CUSA,Louisiana
Cody Brown,SAF,Arkansas State,FBS - Sun Belt,Arkansas
Christian Bryant,SAF,Ohio State,Big Ten,Ohio
Tere Calloway,SAF,Alabama A&M,FCS,Alabama
Deshawn Capers-Smith,SAF,Texas A&M,SEC,Texas
Michael Cirino,SAF,Adams State,D2,Colorado
Jonathan Cook,SAF,Memphis,FBS - AAC,Tennessee
Jerome Couplin,SAF,William & Mary,FCS,Virginia
Demetrious Cox,SAF,Michigan State,Big Ten,Michigan
Erick Dargan,SAF,Oregon,Pac 12,Oregon
Garrett Davis,SAF,Houston,FBS - AAC,Texas
Lukas Denis,SAF,Boston College,ACC,Massachusetts
Marsean Diggs,SAF,Alabama-Birmingham,,
K.J. Dillon,SAF,West Virginia,Big 12,West Virginia
Ahmad Dixon,SAF,Baylor,Big 12,Texas
Kurtis Drummond,SAF,Michigan State,Big Ten,Michigan
SaQwan Edwards,SAF,New Mexico,FBS - Mountain West,New Mexico
Matt Elam,SAF,Florida,SEC,Florida
Trae Elston,SAF,Mississippi,,
Kyle Gibson,SAF,Central Florida,,
Randall Goforth,SAF,UCLA,Pac 12,California
Tyson Graham,SAF,South Dakota,FCS,South Dakota
John Green,SAF,Connecticut,FBS - AAC,Connecticut
Micah Hannemann,SAF,Brigham Young,,
Jalen Harvey,SAF,Arizona State,Pac 12,Arizona
Zuril Hendrick,SAF,Edinboro,D2,Pennsylvania
Will Hill,SAF,Florida,SEC,Florida
Marqueston Huff,SAF,Wyoming,FBS - Mountain West,Wyoming
Doyin Jibowu,SAF,Fort Hays State,D2,Kansas
Jah'Shawn Johnson,SAF,Texas Tech,Big 12,Texas
Stephan Johnson,SAF,Texas State,FBS - Sun Belt,Texas
Hootie Jones,SAF,Alabama,SEC,Alabama
Ray Jones,SAF,Delaware,FCS,Delaware
Tyree Kinnel,SAF,Michigan,Big Ten,Michigan
Christian Love,SAF,Henderson State,D2,Arkansas
Max Lyons,SAF,Southeast Louisiana,,
Tyrell Lyons,SAF,Valdosta State,D2,Georgia
Brandon Maiden,SAF,Jackson State,FCS,Mississippi
Jordan Martin,SAF,Syracuse,ACC,New York
Ronald Martin,SAF,Louisiana State,,
Dexter McCoil,SAF,Toledo,FBS - MAC,Ohio
Danzel McDaniel,SAF,Kansas State,Big 12,Kansas
Jojo McIntosh,SAF,Washington,Pac 12,Washington
Montrel Meander,SAF,Grambling State,FCS,Louisiana
Carlos Merritt,SAF,Campbell,FCS,North Carolina
Herb Miller,SAF,Florida Atlantic,FBS - CUSA,Florida
Tray Mitchell,SAF,Eastern Illinois,FCS,Illinois
Ryan Moeller,SAF,Colorado,Pac 12,Colorado
Joshua Moon,SAF,Georgia Southern,FBS - Sun Belt,Georgia
Rahim Moore,SAF,UCLA,Pac 12,California
Jacob Onyechi,SAF,Air Force,FBS - Mountain West,Colorado
Nick Orr,SAF,Texas Christian,,
Fred Payne,SAF,Western Carolina,FCS,North Carolina
Joe Powell,SAF,Globe Tech,,
Jordan Powell,SAF,Widner,,
Robert Priester,SAF,Wyoming,FBS - Mountain West,Wyoming
Santos Ramirez,SAF,Arkansas,SEC,Arkansas
Delvon Randall,SAF,Temple,FBS - AAC,Pennsylvania
Mandell Ray,SAF,Morehouse,,
Max Redfield,SAF,Indiana (PA),D2,Pennsylvania
Ed Reynolds,SAF,Stanford,Pac 12,California
Stephen Roberts,SAF,Auburn,SEC,Alabama
Kenny Robinson,SAF,West Virginia,Big 12,West Virginia
Al-Hajj Shabazz,SAF,West Chester,D2,Pennsylvania
Tyler Sigler,SAF,Wheaton,D3,Illinois
Derron Smith,SAF,Fresno State,FBS - Mountain West,California
Van Smith,SAF,Clemson,ACC,South Carolina
Andrew Soroh,SAF,Florida Atlantic,FBS - CUSA,Florida
Tre Sullivan,SAF,Shepherd,D2,West Virginia
Wes Sutton,SAF,Northern Arizona,FCS,Arizona
Damian Swann,SAF,Georgia,SEC,Georgia
Aaron Taylor,SAF,Ball State,FBS - MAC,Indiana
Gregory Taylor,SAF,Wesley,D3,Delaware
Robenson Therezie,SAF,Auburn,SEC,Alabama
Jake Thienman,SAF,Purdue,Big Ten,Indiana
Marvin Tillman,SAF,West Carolina,,
Damarius Travis,SAF,Minnesota,Big Ten,Minnesota
Jeremy Tyler,SAF,West Virginia,Big 12,West Virginia
Verkedric Vaughns,SAF,Baylor,Big 12,Texas
Jaleel Wadood,SAF,UCLA,Pac 12,California
Abraham Wallace,SAF,West Alabama,D2,Alabama
Nick Washington,SAF,Florida,SEC,Florida
Damon Webb,SAF,Ohio State,Big Ten,Ohio
Shaquille Wiggins,SAF,Louisville,ACC,Kentucky
LaDarius WIley,SAF,Vanderbilt,SEC,Tennessee
Kieron Williams,SAF,Nebraska,Big Ten,Nebraska
Evan Worthington,SAF,Colorado,Pac 12,Colorado
Roberto Aguayo,K,Florida State,ACC,Florida
John Baron,K,San Diego State,FBS - Mountain West,California
Tyler Basch,K,Missouri Western,,
Andrew Franks,K,RPI,D3,New York
Elliott Fry,K,South Carolina,SEC,South Carolina
Josh Gable,K,No College,,
Diego Gonzalez,K,Colorado,Pac 12,Colorado
Cole Hedlund,K,North Texas,FBS - CUSA,Texas
Redford Jones,K,Tulsa,FBS - AAC,Oklahoma
Greg Joseph,K,Florida Atlantic,FBS - CUSA,Florida
Austin MacGinnis,K,Kentucky,SEC,Kentucky
Nick Novak,K,Maryland,Big Ten,Maryland
Erik Powell,K,Washington State,Pac 12,Washington
Ty Rausa,K,Boise State,FBS - Mountain West,Idaho
Taylor Russolino,K,Millsaps,D3,Mississippi
Ryan Santoso,K,Minnesota,Big Ten,Minnesota
Cole Tracy,K,Louisiana State,,
Tristan Vizcaino,K,Washington,Pac 12,Washington
Matthew Wright,K,Central Florida,,
Ryan Anderson,P,Rutgers,Big Ten,New Jersey
Ian Berryman,P,Western Carolina,FCS,North Carolina
Cory Carter,P,Texas Southern,FCS,Texas
Jordan Dascalo,P,Eastern Washington,FCS,Washington
Jack Fox,P,Rice,FBS - CUSA,Texas
Drew Galitz,P,Baylor,Big 12,Texas
Jeff Locke,P,UCLA,Pac 12,California
Brock Miller,P,Southern Utah,FCS,Utah
Tyler Newsome,P,Notre Dame,FBS - Independent,Indiana
Hunter Niswander,P,Northwestern,Big Ten,Illinois
Cameron Nizialek,P,Georgia,SEC,Georgia
Austin Rehkow,P,Idaho,FBS - Sun Belt,Idaho
Colton Schmidt,P,California-Davis,,
Jake Schum,P,Buffalo,FBS - MAC,New York
Sean Smith,P,Dayton,FCS,Ohio
Taylor Symmank,P,Texas Tech,Big 12,Texas
Shane Tripucka,P,Texas A&M,SEC,Texas
Justin Vogel,P,Miami (FL),ACC,Florida
Brad Wing,P,Louisiana State,,
Joseph Zema,P,Incarnate Word,FCS,Texas
Noah Borden,LS,Hawaii,FBS - Mountain West,Hawaii
Nate Boyer,LS,Texas,Big 12,Texas
Tanner Carew,LS,Oregon,Pac 12,Oregon
Scott Daly,LS,Notre Dame,FBS - Independent,Indiana
Ryan DiSalvo,LS,San Jose State,FBS - Mountain West,California
Wes Farnsworth,LS,Nevada-Reno,,
Drew Ferris,LS,Florida,SEC,Florida
James Fisher,LS,North Dakota State,FCS,North Dakota
Joe Fortunato,LS,Delaware,FCS,Delaware
Austin Frey,LS,Texas A&M,SEC,Texas
Owen Gilbert,LS,Marian,,
AJ Hantak,LS,Eastern Illinois,FCS,Illinois
Seth Hebert,LS,Central Missouri,D2,Missouri
Colin Holba,LS,Louisville,ACC,Kentucky
Paul Kelly,LS,Miami (FL),ACC,Florida
Nick Moore,LS,Georgia,SEC,Georgia
Ryan Navarro,LS,Oregon State,Pac 12,Oregon
Joe Rotherham,LS,Nebraska,Big Ten,Nebraska
Colton Taylor,LS,Virginia Tech,ACC,Virginia
Alonso Vera,LS,California,Pac 12,California
John Wirtel,LS,Kansas,Big 12,Kansas
